"category","question","answer"
"About SRC","What is SRC?","Srinivasa Ramanujan Centre (SRC) is SASTRA Deemed University's off-campus centre located at Kumbakonam."
"About SRC","Why is SRC named after Srinivasa Ramanujan?","SRC is named as a tribute to the great mathematician Srinivasa Ramanujan, who spent most of his formative years in Kumbakonam."
"About SRC","When was SRC inaugurated?","SRC was inaugurated in November 2000 by Prof. V. S. Ramamurthy, Secretary, Department of Science and Technology, Government of India."
"About SRC","Why was SRC established?","SRC was established to provide quality higher education to the people of Kumbakonam and nearby places."
"About SRC","Is SRC a separate university?","No, SRC is an off-campus centre under SASTRA Deemed University, not a separate university."
"About SRC","What facilities does SRC have?","SRC has modern classrooms, a computer laboratory, engineering and science laboratories, an air-conditioned auditorium, and a library."
"About SRC","Does SRC have a museum?","Yes, SRC has the Srinivasa Ramanujan House of Mathematics, a museum related to Ramanujan's life and work."
"About SRC","What happened on 20 December 2003 at SRC?","On 20 December 2003, Dr. A. P. J. Abdul Kalam dedicated SRC and the house in which Ramanujan lived in Kumbakonam to the nation."
"About SRC","Where is SRC located?","SRC is located at Srinivasa Ramanujan Centre, SASTRA Deemed University, Kumbakonam - 612001, Tamil Nadu, India."
"About SRC","What is the official website of SRC?","The official website of SRC is https://src.sastra.edu/"
"Programmes","What undergraduate programmes does SRC offer?","SRC offers B.Tech. in Computer Science & Engineering and Electronics & Communication Engineering; B.Com.; B.B.A.; B.C.A.; B.Sc. in Biochemistry & DMLT, Computer Science, Electronics & Communication System, Mathematics with Computer Applications, Physics, and Microbiology & DMLT."
"Programmes","What postgraduate programmes does SRC offer?","SRC offers M.Com. (Master of Commerce), M.Sc. in Biochemistry, M.Sc. in Computer Science, M.Sc. in Mathematics, and M.Sc. in Microbiology."
"Programmes","Does SRC offer Ph.D. programmes?","Yes, Ph.D. programmes are available in all disciplines at SRC."
"Programmes","Does SRC offer B.Tech. in Computer Science & Engineering?","Yes, SRC offers a B.Tech. in Computer Science & Engineering."
"Programmes","Does SRC offer B.Tech. in Electronics & Communication Engineering?","Yes, SRC offers a B.Tech. in Electronics & Communication Engineering."
"Programmes","Does SRC offer a B.Com. programme?","Yes, SRC offers a Bachelor of Commerce (B.Com.) programme."
"Programmes","Does SRC offer a BBA programme?","Yes, SRC offers a Bachelor of Business Administration (B.B.A.) programme."
"Programmes","Does SRC offer a BCA programme?","Yes, SRC offers a Bachelor of Computer Applications (B.C.A.) programme."
"Programmes","What B.Sc. programmes are available at SRC?","SRC offers B.Sc. in Biochemistry & DMLT, Computer Science, Electronics & Communication System, Mathematics with Computer Applications, Physics, and Microbiology & DMLT."
"Programmes","Is there an M.Sc. Computer Science programme at SRC?","Yes, SRC offers an M.Sc. in Computer Science."
"Programmes","Is there an M.Sc. Mathematics programme at SRC?","Yes, SRC offers an M.Sc. in Mathematics."
"Programmes","Is there an M.Sc. Microbiology programme at SRC?","Yes, SRC offers an M.Sc. in Microbiology."
"Programmes","Is there an M.Sc. Biochemistry programme at SRC?","Yes, SRC offers an M.Sc. in Biochemistry."
"Programmes","Is there an M.Com. programme at SRC?","Yes, SRC offers an M.Com. (Master of Commerce) programme."
"Fees","What is the tuition fee per semester for B.Tech. (CSE & ECE)?","The tuition fee per semester for B.Tech. (CSE & ECE) is Rs. 85,000/-. Please verify against the latest official SRC admission information."
"Fees","Does the B.Tech. tuition fee increase every year?","Yes, there is an annual increase of 5% from the II year onward for B.Tech. programmes."
"Fees","What is the sports and unit test fee for B.Tech.?","The sports and unit test fee per annum for B.Tech. (CSE & ECE) is Rs. 1,000/-."
"Fees","What is the development payment for B.Tech.?","The development payment for B.Tech. (CSE & ECE) is Rs. 10,000/-."
"Fees","What are the admission-time fees for B.Tech.?","At admission, B.Tech. (CSE & ECE) students pay Rs. 6,000/- towards special fees, registration fees, medical exam fees, etc."
"Fees","What is the tuition fee per semester for B.Com.?","The tuition fee per semester for B.Com. is Rs. 40,000/-."
"Fees","What is the sports and unit test fee for B.Com.?","The sports and unit test fee per annum for B.Com. is Rs. 1,000/-."
"Fees","What are the admission-time fees for B.Com.?","At admission, B.Com. students pay Rs. 6,000/- towards special fees, registration fees, medical exam fees, etc."
"Fees","What is the tuition fee per semester for B.Sc., B.B.A., and B.C.A.?","The tuition fee per semester for B.Sc., B.B.A., and B.C.A. programmes is Rs. 30,000/-."
"Fees","What are the admission-time fees for B.Sc., B.B.A., and B.C.A.?","At admission, B.Sc., B.B.A., and B.C.A. students pay Rs. 4,750/- towards special fees, registration fees, medical exam fees, etc."
"Fees","What is the tuition fee per semester for M.Com. and M.Sc.?","The tuition fee per semester for M.Com. and M.Sc. programmes is Rs. 20,000/-."
"Fees","What are the admission-time fees for M.Com. and M.Sc.?","At admission, M.Com. and M.Sc. students pay Rs. 4,750/- towards special fees, registration fees, medical exam fees, etc."
"Fees","Is the fee information guaranteed to be current?","No, fee information should be verified against the latest official SRC admission information before being presented as current, since fees can change."
"Contacts","What is the address of the SRC Admissions Office?","Office of Admissions, SASTRA Deemed University, Srinivasa Ramanujan Centre, Kumbakonam - 612001, Tamil Nadu, India."
"Contacts","What is the phone number for SRC admissions?","The phone number for SRC admissions is 0435-2426823."
"Contacts","What is the email address for SRC admissions?","The email address for SRC admissions is srcadmissions@sastra.edu"
"Contacts","What is the official website of SRC?","The official website of SRC is https://src.sastra.edu/"
"Contacts","What is the student web interface link?","The Student Web Interface is available at https://webstream.sastra.edu/sastrapwi/"
"Contacts","What is the parent web interface link?","The Parent Web Interface is available at https://webstream.sastra.edu/sastraparentweb/"
"Contacts","How can I contact SRC for admission enquiries?","You can contact SRC admissions by phone at 0435-2426823 or by email at srcadmissions@sastra.edu, or visit the Office of Admissions, SASTRA Deemed University, Srinivasa Ramanujan Centre, Kumbakonam - 612001, Tamil Nadu, India."
"Academic Calendar","When does the academic day begin for 2026-27?","The academic day begins on 09-07-2026 (Thursday) as per the SASTRA Kumbakonam Campus Academic Calendar 2026-2027."
"Academic Calendar","When does orientation begin for B.Tech. I Year?","Orientation for B.Tech. (I Year) begins on 03-08-2026 (Monday) and continues on 04-08-2026 (Tuesday)."
"Academic Calendar","When is CIA I for B.Tech./M.Sc./M.Com.?","CIA I for B.Tech./M.Sc./M.Com. is scheduled on 10, 11, and 12 August 2026."
"Academic Calendar","When is CIA I for B.Com./B.Sc./B.B.A./B.C.A.?","CIA I for B.Com./B.Sc./B.B.A./B.C.A. is scheduled on 17, 18, and 19 August 2026."
"Academic Calendar","When is Independence Day observed as per the academic calendar?","Independence Day is on 15-08-2026 (Saturday)."
"Academic Calendar","When is CIA II for B.Tech./M.Sc./M.Com.?","CIA II for B.Tech./M.Sc./M.Com. is scheduled on 17, 18, and 19 September 2026, along with CIA I for B.Tech. (I Year) on the same dates."
"Academic Calendar","When does exam fee remittance start?","Exam Fee Remittance starts on 15-09-2026 (Tuesday) for relevant programme groups, and on 12-10-2026 for B.Tech. (I Year)."
"Academic Calendar","When is Gandhi Jayanthi observed?","Gandhi Jayanthi is on 02-10-2026 (Friday)."
"Academic Calendar","When is Vijaya Dasami / Saraswathi Pooja in the 2026-27 calendar?","Saraswathi Pooja is on 19-10-2026 (Monday) and Vijaya Dasami is on 20-10-2026 (Tuesday)."
"Academic Calendar","When is CIA III for B.Tech./M.Sc./M.Com.?","CIA III for B.Tech./M.Sc./M.Com. is scheduled on 29, 30, and 31 October 2026, with further CIA III dates for other programme groups on 4, 5, and 6 November 2026."
"Academic Calendar","When is Deepavali in the academic calendar?","Deepavali is observed on 8, 9, and 10 November 2026."
"Academic Calendar","When does the Odd Semester Exam start?","The Odd Semester Exam starts on 12-11-2026 for one relevant programme group, on 20-11-2026 for another, and on 07-12-2026 for B.Tech. (I Year)."
"Academic Calendar","When is Christmas holiday as per the calendar?","Christmas is on 25-12-2026 (Friday)."
"Academic Calendar","When is New Year holiday in the calendar?","New Year is on 01-01-2027 (Friday)."
"Academic Calendar","When is Pongal celebrated as per the academic calendar?","Boghi is on 14-01-2027, Pongal is on 15-01-2027, and the following Pongal holiday is on 16-01-2027."
"Academic Calendar","When is Republic Day in the academic calendar?","Republic Day is on 26-01-2027 (Tuesday)."
"Academic Calendar","When is CIA I for B.Tech. (I Year) in 2027?","CIA I for B.Tech. (I Year) is on 02-02-2027 (Tuesday), followed by CIA I for other relevant programme groups from 3 to 10 February 2027."
"Academic Calendar","When is CIA II scheduled in 2027?","CIA II for B.Tech. (I Year) is on 10-03-2027, with CIA II for other relevant programme groups continuing from 11-13 March and 22-24 March 2027."
"Academic Calendar","When are Sports events held as per the calendar?","Sports events are held on 26, 27, and 28 March 2027."
"Academic Calendar","When is Tamil New Year in the academic calendar?","Tamil New Year is on 14-04-2027 (Wednesday)."
"Academic Calendar","When is CIA III scheduled in 2027?","CIA III for relevant programme groups is scheduled from 26-29 April 2027, with further CIA III dates on 5, 6, and 7 May 2027."
"Academic Calendar","When does the Even Semester Exam start?","The Even Semester Exam starts on 10-05-2027, with another relevant programme group starting on 17-05-2027."
"Academic Calendar","When does the Odd Semester Arrear Exam start?","The Odd Semester Arrear Exam starts on 24-05-2027, continuing into 31-05-2027."
"Academic Calendar","What programme groups does the 2026-27 academic calendar cover?","The calendar covers three programme groups: (1) B.Tech./M.Sc./M.Com., (2) B.Com./B.Sc./B.B.A./B.C.A., and (3) B.Tech. (I Year)."
"Academic Calendar","Should the academic calendar dates be treated as final for future years?","No, for questions about current or future academic schedules, the latest official SRC/SASTRA calendar should always be checked, as some events are programme-specific and this calendar is for 2026-2027 only."
